https://job-boards.greenhouse.io/enveritas/jobs/4006514008	2026-06-03	WebSearch — Greenhouse-Python-Backend	Backend Software Engineer - Python/Postgres [Remote/Global]	Enveritas	added
https://job-boards.greenhouse.io/varicent/jobs/5194823008	2026-06-03	WebSearch — Greenhouse-Python-Backend	Staff Software Engineer – Backend (Python/TS/AWS/K8s)	Varicent	added
https://job-boards.greenhouse.io/tvscientific/jobs/5082800008	2026-06-03	WebSearch — Greenhouse-Python-Backend	Senior Backend Engineer	tvScientific	added
https://job-boards.greenhouse.io/trivelta/jobs/4170679009	2026-06-03	WebSearch — Greenhouse-Python-Backend	Lead Backend Software Engineer (Python, Remote)	Trivelta	added
https://boards.greenhouse.io/gumgum/jobs/4792997003	2026-06-03	WebSearch — Greenhouse-Python-Backend	Senior Python Software Engineer (Remote US)	GumGum	added
https://job-boards.greenhouse.io/ocrolusinc/jobs/5745522004	2026-06-03	WebSearch — Greenhouse-Python-Backend	Senior Software Engineer - Python	Ocrolus	added
https://job-boards.greenhouse.io/wizardcommerce/jobs/5867820004	2026-06-03	WebSearch — Greenhouse-Python-Backend	Senior Python Engineer	Wizard	added
https://job-boards.greenhouse.io/perfectserve/jobs/5830849004	2026-06-03	WebSearch — Greenhouse-FullStack	Software Engineer – Full Stack AI (US-Remote)	PerfectServe	added
https://job-boards.greenhouse.io/technergetics/jobs/4656544006	2026-06-03	WebSearch — Greenhouse-FullStack	Full Stack Software Engineer II	Technergetics	added
https://job-boards.greenhouse.io/knock/jobs/5641358004	2026-06-03	WebSearch — Greenhouse-FullStack	Senior Full Stack Software Engineer (Frontend-focused, Remote US)	Knock	added
https://job-boards.greenhouse.io/knock/jobs/5745759004	2026-06-03	WebSearch — Greenhouse-FullStack	Senior Full Stack Software Engineer (Backend-focused, Remote US)	Knock	added
https://job-boards.greenhouse.io/unframe/jobs/4847758101	2026-06-03	WebSearch — Greenhouse-FullStack	Full Stack Software Engineer (Remote)	Unframe	added
https://job-boards.greenhouse.io/pairteam/jobs/7985103002	2026-06-03	WebSearch — Greenhouse-FullStack	Senior Software Engineer - Fullstack (Remote)	Pair Team	added
https://job-boards.greenhouse.io/bennie/jobs/4695837005	2026-06-03	WebSearch — Greenhouse-FullStack	Staff Software Engineer, Full Stack	Bennie	added
https://job-boards.greenhouse.io/zenbusiness/jobs/5037879007	2026-06-03	WebSearch — Greenhouse-FullStack	Senior Software Engineer (Full Stack)	ZenBusiness	added
https://job-boards.greenhouse.io/guardsquare/jobs/5554240	2026-06-03	WebSearch — Greenhouse-Frontend	Front-End Engineer (React/TypeScript)	Guardsquare	added
https://boards.greenhouse.io/materialize/jobs/4964179004	2026-06-03	WebSearch — Greenhouse-Frontend	Senior Front End Engineer (React/Typescript)	Materialize	added
https://job-boards.greenhouse.io/beaconbiosignals/jobs/4032538009	2026-06-03	WebSearch — Greenhouse-Frontend	Senior Front-End Software Engineer (React/Typescript)	Beacon Biosignals	added
https://job-boards.greenhouse.io/swanbitcoin/jobs/4568722008	2026-06-03	WebSearch — Greenhouse-Frontend	Front End Engineer (React/TypeScript)	Swan Bitcoin	added
https://job-boards.greenhouse.io/fello/jobs/4751950008	2026-06-03	WebSearch — Greenhouse-Frontend	Senior Front-end Engineer (React/Typescript)	Fello	added
https://job-boards.greenhouse.io/postscript/jobs/8488222002	2026-06-03	WebSearch — Greenhouse-Frontend	Senior Frontend Engineer	Postscript	added
https://boards.greenhouse.io/embed/job_app?for=prizepicks&token=6261083003	2026-06-03	WebSearch — Greenhouse-Frontend	Senior Front End Engineer (Remote US)	PrizePicks	added
https://job-boards.greenhouse.io/varicent/jobs/5136469008	2026-06-03	WebSearch — Greenhouse-GenAI	Lead Software Engineer, Generative AI	Varicent	added
https://job-boards.greenhouse.io/impiricus/jobs/5195577008	2026-06-03	WebSearch — Greenhouse-GenAI	AI Engineer	Impiricus	added
https://job-boards.greenhouse.io/justanswer/jobs/7790010002	2026-06-03	WebSearch — Greenhouse-GenAI	Senior AI Prompt Engineer	JustAnswer	added
https://job-boards.greenhouse.io/scaleai/jobs/4373354005	2026-06-03	WebSearch — Greenhouse-GenAI	Machine Learning Engineer, GenAI Quality	Scale AI	added
https://job-boards.greenhouse.io/natera/jobs/5987842004	2026-06-03	WebSearch — Greenhouse-GenAI	Senior Agentic Systems Engineer	Natera	added
https://job-boards.greenhouse.io/factored/jobs/4976846008	2026-06-03	WebSearch — Greenhouse-GenAI	Machine Learning Engineer, Generative AI & LLMs	Factored	added
https://jobs.ashbyhq.com/close/01fc4ad7-4d33-4f64-919f-502bb2c20efc	2026-06-03	WebSearch — Ashby-Python-Backend	Senior Software Engineer - Backend (USA Only, Remote)	Close	added
https://jobs.ashbyhq.com/bestow/c4426151-b1bf-4336-9d6f-8667859c28be	2026-06-03	WebSearch — Ashby-Python-Backend	Backend Software Engineer II (Python)	Bestow	added
https://jobs.ashbyhq.com/bestow/0c6e36f5-9145-467e-978d-eb8e28d237fb	2026-06-03	WebSearch — Ashby-Python-Backend	Senior Backend Engineer (Python)	Bestow	added
https://jobs.ashbyhq.com/scalera/9feb0781-ace4-49b6-b8dd-be6a6a720b4e	2026-06-03	WebSearch — Ashby-Python-Backend	Senior Backend Engineer (Python, Remote)	Scalera	added
https://jobs.ashbyhq.com/The%20Zebra/75f4a4b8-ad47-4566-948f-6356202951e6	2026-06-03	WebSearch — Ashby-Python-Backend	Senior Backend Software Engineer (Remote, US)	The Zebra	added
https://jobs.ashbyhq.com/scribd/b9fee8b8-d319-44f4-9811-17b05874a72d	2026-06-03	WebSearch — Ashby-Python-Backend	Backend Software Engineer (Python)	Scribd	added
https://jobs.ashbyhq.com/distro-llc/d0cfe97c-77ae-42d0-8ccd-f44970b67cba	2026-06-03	WebSearch — Ashby-Python-Backend	Senior Backend Engineer	Distro LLC	added
https://jobs.ashbyhq.com/rundoo/c6f39d6e-f216-41e7-8ebd-ca0cfe38893d	2026-06-03	WebSearch — Ashby-FullStack	Full-Stack Engineer (Go, React, TypeScript)	Rundoo	added
https://jobs.ashbyhq.com/rundoo/6b375419-4d98-4f34-b9f4-06c6683d04bb	2026-06-03	WebSearch — Ashby-FullStack	Mid Full-Stack Engineer (Go, React, TypeScript)	Rundoo	added
https://jobs.ashbyhq.com/conveo/87708aaa-34b0-4a5c-ad85-76ceed219b0d	2026-06-03	WebSearch — Ashby-FullStack	Senior Full-Stack Engineer (React/Typescript)	Conveo.ai	added
https://jobs.ashbyhq.com/close/8b67d1fa-5852-4f7d-b8c2-cedc20b16da7	2026-06-03	WebSearch — Ashby-Frontend	Senior Software Engineer - Frontend/React (USA Only, Remote)	Close	added
https://jobs.ashbyhq.com/linero/faadad1e-766e-49cc-b7fa-c0f43dc78fae	2026-06-03	WebSearch — Ashby-Frontend	Frontend Engineer	Linero	added
https://jobs.ashbyhq.com/duck-duck-go/5d3e230c-ecf4-407a-a3a5-232185ce8319	2026-06-03	WebSearch — Ashby-Frontend	Senior Frontend Engineer, React/Typescript	DuckDuckGo	added
https://jobs.ashbyhq.com/Cred%20Platform/89fb9e97-3d9b-4e67-ae7e-ca7216f2b088	2026-06-03	WebSearch — Ashby-Frontend	Frontend Engineer (React, Remote)	CRED Platform	added
https://jobs.ashbyhq.com/httpie/17de9aae-7a3c-40fb-a352-ddbbd7c14385	2026-06-03	WebSearch — Ashby-Frontend	Senior Frontend Engineer (Remote)	HTTPie	added
https://jobs.ashbyhq.com/magicschool/fd3d740a-78a9-4395-b481-5503e4c43dd3	2026-06-03	WebSearch — Ashby-GenAI	GenAI Engineer	MagicSchool AI	added
https://jobs.ashbyhq.com/a-place-for-mom/6c4f037d-c49b-466e-8cc8-acfa2280d453	2026-06-03	WebSearch — Ashby-GenAI	Sr. Machine Learning Engineer	A Place for Mom	added
https://jobs.ashbyhq.com/vyn/1ee10808-507f-45a8-86b1-0063b11362b2	2026-06-03	WebSearch — Ashby-GenAI	GenAI Engineer	Vyn	added
https://jobs.ashbyhq.com/GPTZero/9e23e2df-d15d-4bf5-a841-ced573fb8511	2026-06-03	WebSearch — Ashby-GenAI	LLM Engineer (NYC)	GPTZero	added
https://jobs.ashbyhq.com/Lightfield/920ab891-adaa-4907-bcc9-6fcb993aa9fb	2026-06-03	WebSearch — Ashby-GenAI	Machine Learning Engineer, GenAI Platform	Lightfield	added
https://jobs.ashbyhq.com/rula/d477da0d-6d23-4166-8afd-6a6a334f4710	2026-06-03	WebSearch — Ashby-GenAI	Staff AI Engineer - Applied AI (Remote)	Rula	added
https://jobs.ashbyhq.com/fastino-ai/d0fe2e39-6cf2-4972-8266-461bd447468a	2026-06-03	WebSearch — Ashby-GenAI	AI Engineer (Remote)	fastino.ai	added
https://jobs.lever.co/railroad19/b722c437-4a02-4289-8890-1a45109a0d2b	2026-06-03	WebSearch — Lever-Python-Backend-FullStack	Cloud Full Stack Python Software Engineer (US Remote)	Railroad19	added
https://jobs.lever.co/Anovium/eaf671f4-d477-46e2-b7c4-e59a90274b40	2026-06-03	WebSearch — Lever-Python-Backend-FullStack	Lead Full Stack Python/FastApi/React Engineer (Remote)	Anovium	added
https://jobs.lever.co/Anovium/3016fb9d-c439-4383-b2bf-a31bfdd73852	2026-06-03	WebSearch — Lever-Python-Backend-FullStack	Senior Full Stack Python/FastApi/React Engineer (Remote)	Anovium	added
https://jobs.lever.co/supermove/176fe130-a2cc-40da-b978-8c693fefc510	2026-06-03	WebSearch — Lever-Python-Backend-FullStack	Software Engineer, Full-Stack (Remote)	Supermove	added
https://jobs.lever.co/Sprinto/cc9fc7a2-b2c7-4181-a9cf-4e00d64927d5	2026-06-03	WebSearch — Lever-Python-Backend-FullStack	Senior Full-stack Engineer (Remote)	Sprinto	added
https://jobs.lever.co/Termius/1bbdc24d-d912-4c9d-ac6f-4df21a62c8c9	2026-06-03	WebSearch — Lever-Python-Backend-FullStack	Senior Full Stack Engineer (Remote)	Termius	added
https://jobs.lever.co/remedyproductstudio/e37a25bb-44b1-4e9d-bb33-bfc2b0e8522e	2026-06-03	WebSearch — Lever-Python-Backend-FullStack	Full Stack Engineer (Python, Javascript)	Remedy Product Studio	added
https://www.workatastartup.com/jobs/44310	2026-06-03	WebSearch — WorkAtStartup	Full Stack Engineer (Remote/US)	Jiga	added
https://www.workatastartup.com/jobs/74755	2026-06-03	WebSearch — WorkAtStartup	Full Stack Engineer (Typescript/Python)	Memfault	added
https://www.workatastartup.com/jobs/55427	2026-06-03	WebSearch — WorkAtStartup	Fullstack Engineer (AI Emphasis)	Sameday	added
https://www.workatastartup.com/jobs/60455	2026-06-03	WebSearch — WorkAtStartup	Founding Backend Engineer	Pump.co	added
https://www.workatastartup.com/jobs/44055	2026-06-03	WebSearch — WorkAtStartup	Full Stack Engineer	Blink	added
https://www.workatastartup.com/jobs/78897	2026-06-03	WebSearch — WorkAtStartup	Full Stack Engineer	AiPrise	added
https://job-boards.greenhouse.io/allbooked/jobs/4795844007	2026-06-04	WebSearch — Greenhouse-FullStack	Senior Full-Stack Software Engineer (Remote)	AllBooked	added
https://job-boards.greenhouse.io/trivelta/jobs/4170694009	2026-06-04	WebSearch — Greenhouse-Frontend	Senior Software Engineer - TypeScript/React/Next.js (Remote)	Trivelta	added
https://job-boards.greenhouse.io/beaconbiosignals/jobs/4093730009	2026-06-04	WebSearch — Greenhouse-Frontend	Front-End Software Engineer IV (React/TypeScript)	Beacon Biosignals	added
https://job-boards.greenhouse.io/jetbrains/jobs/4772554101	2026-06-04	WebSearch — Greenhouse-Frontend	Senior Frontend Developer (React, TypeScript)	JetBrains	added
https://job-boards.greenhouse.io/sonicwall/jobs/7393830	2026-06-04	WebSearch — Greenhouse-Frontend	Frontend Engineer - ReactJS and TypeScript	SonicWall	added
https://job-boards.greenhouse.io/optimaldynamics/jobs/5969675004	2026-06-04	WebSearch — Greenhouse-Frontend	Senior Software Engineer, Frontend	Optimal Dynamics	added
https://jobs.ashbyhq.com/g2i/26536a93-948e-40ea-bad8-ba89269571ec	2026-06-04	WebSearch — Ashby-FullStack	FullStack Engineer (Node+Nest & React+Next)	G2i Inc.	added
https://jobs.ashbyhq.com/dash0/bb433d72-7241-49b4-acfb-a6a403f9422c	2026-06-04	WebSearch — Ashby-Frontend	Senior Product Engineer, Frontend (React, TypeScript)	Dash0	added
https://jobs.ashbyhq.com/OnHires/51c91fe0-8357-4f36-9a98-24b9d4dcdc86	2026-06-04	WebSearch — Ashby-Frontend	Frontend Engineer (React/TypeScript)	OnHires	added
https://jobs.ashbyhq.com/oneleet/3d382df2-2239-4c7c-b48b-19a3ac71e8d1	2026-06-04	WebSearch — Ashby-Frontend	Frontend Engineer	Oneleet	added
https://jobs.lever.co/jobgether/7b378ec5-efb7-4e14-9b4b-74ee59dd6c04	2026-06-04	WebSearch — Lever-Python-Backend-FullStack	Full Stack Developer (REMOTE)	Jobgether	added
https://jobs.lever.co/jobgether/763066e9-0aac-48c9-893d-b44ecc8f535f	2026-06-04	WebSearch — Lever-Python-Backend-FullStack	Full Stack Engineer (REMOTE)	Jobgether	added
https://jobs.lever.co/jobgether/f812733c-2e24-459c-bb1f-0a48203d53b3	2026-06-04	WebSearch — Lever-Python-Backend-FullStack	Lead Full Stack Engineer (REMOTE)	Jobgether	added
https://jobs.lever.co/jobgether/123031b0-d21d-4927-918c-c9e18474fbcb	2026-06-04	WebSearch — Lever-Python-Backend-FullStack	Remote Backend Engineer	Jobgether	added
https://jobs.lever.co/veeva/5de877f7-1b5e-4626-a3cf-366a2ff73600	2026-06-04	WebSearch — Lever-Python-Backend-FullStack	Python Engineer (Remote)	Veeva Systems	added
https://jobs.lever.co/labelbox/d07fb3b6-ecc3-449e-b75c-e6b0f47d6f26	2026-06-04	WebSearch — Lever-Python-Backend-FullStack	Principal Python Engineer - ML Infrastructure	Alignerr	added
https://job-boards.greenhouse.io/techholding/jobs/4702798005	2026-06-05	WebSearch — Greenhouse-Frontend	Frontend Engineer (Contract) - Remote	Tech Holding	added
https://jobs.ashbyhq.com/hypha/adc5a15f-b9e2-498d-ae9c-f72968f63694	2026-06-05	WebSearch — Ashby-FullStack	Full Stack Product Engineer	Hypha	added
https://jobs.ashbyhq.com/astra/6664545a-652e-477e-be12-9a7e8d32f06b	2026-06-05	WebSearch — Ashby-FullStack	Senior Fullstack Engineer	Astra	added
https://jobs.ashbyhq.com/akasa/fd805dcf-7d8e-4f7d-b74c-6cafc32cf890	2026-06-05	WebSearch — Ashby-GenAI	Software Engineer, Client Solutions	AKASA	added
https://jobs.ashbyhq.com/commit/c1c7e027-2784-4006-9589-94e2752c32f5	2026-06-05	WebSearch — Ashby-Python-Backend	Intermediate Software Engineer (Remote)	Commit	added
https://jobs.lever.co/smart-working-solutions/a451e63f-7478-48b9-80ef-1355521e1c3f	2026-06-05	WebSearch — Lever-Python-Backend-FullStack	Mid-Senior Full Stack Engineer (Remote, Full-Time)	Smart Working Solutions	added
https://www.workatastartup.com/jobs/70924	2026-06-05	WebSearch — WorkAtStartup	Backend Engineer	Fern	added
https://job-boards.greenhouse.io/cloudwerxinc/jobs/5051132007	2026-06-07	WebSearch — Greenhouse-GenAI	Sr. AI/ML Engineer	CloudWerx	added
https://job-boards.greenhouse.io/algolia/jobs/5562683004	2026-06-08	WebSearch — Greenhouse-GenAI	Software Engineer, GenAI	Algolia	added
https://www.workatastartup.com/jobs/75009	2026-06-08	WebSearch — WorkAtStartup	Founding AI Agent Engineer	Eloquent AI	added
https://www.workatastartup.com/jobs/64110	2026-06-08	WebSearch — WorkAtStartup	Staff Backend Engineer	StackAI	added
https://www.workatastartup.com/jobs/76640	2026-06-08	WebSearch — WorkAtStartup	Software Engineer (Full-stack)	kapa.ai	added
https://www.workatastartup.com/jobs/73410	2026-06-08	WebSearch — WorkAtStartup	Senior Fullstack Engineer	Helpcare AI	added
https://boards.greenhouse.io/samsara/jobs/7362937	2026-06-09	WebSearch — Greenhouse-FullStack	Software Engineer, Full Stack - Safety (Remote - US)	Samsara	added
https://job-boards.greenhouse.io/oddball/jobs/7598223003	2026-06-09	WebSearch — Greenhouse-GenAI	Applied AI/ML Engineer	Oddball	added
https://jobs.ashbyhq.com/grai/cf2f899f-7f57-454d-a496-ec824d5e5fd3	2026-06-09	WebSearch — Ashby-FullStack	Fullstack Typescript Engineer	GRAI	added
https://www.workatastartup.com/jobs/90298	2026-06-09	WebSearch — WorkAtStartup	AI/ML Engineer	Pasito	added
https://jobs.lever.co/jobgether/84c4a617-ec39-41d2-b73f-79c66a7795b7	2026-06-09	WebSearch — Lever-Python-Backend-FullStack	Full Stack Developer (Remote)	Jobgether	added
https://jobs.ashbyhq.com/rula/009ea81c-8130-4de5-b419-657243d872c1	2026-06-10	WebSearch — Ashby-Python-Backend	Sr. Software Engineer - Backend/AI (Remote)	Rula	added
https://jobs.lever.co/Fliff/f933b4aa-5911-490b-bb6d-c3de2994ffdc	2026-06-10	WebSearch — Lever-Python-Backend-FullStack	Python Engineer	Fliff	added
https://job-boards.greenhouse.io/runpod/jobs/4785681008	2026-06-11	WebSearch — Greenhouse-FullStack-Software	Software Engineer (Full-Stack)	RunPod	added
https://job-boards.greenhouse.io/xapo61/jobs/7673273003	2026-06-11	WebSearch — Greenhouse-Frontend-React	Front-End Web Developer (Remote - Work from Anywhere)	Xapo Bank	added
https://jobs.lever.co/weekdayworks/3e78c046-553d-4fa2-80d1-28c45c35c403	2026-06-11	WebSearch — Lever-Python-Backend-FullStack	Founding Full-Stack Engineer (Python/Django/Go/React)	Weekday	added
https://jobs.lever.co/sprucesystems/b6ed1d39-d3e4-454f-8d8c-a5a65d64651f	2026-06-11	WebSearch — Lever-Python-Backend-FullStack	Full-Stack Software Engineer (Remote)	Spruce	added
https://www.workatastartup.com/jobs/92061	2026-06-11	WebSearch — WorkAtAStartup-Python-FullStack-AI	Founding Full Stack AI Engineer	Hub.xyz	added
https://www.workatastartup.com/jobs/77926	2026-06-11	WebSearch — WorkAtAStartup-Python-FullStack-AI	Senior Software Engineer (Full Stack)	Reacher	added
https://job-boards.greenhouse.io/sonyinteractiveentertainmentglobal/jobs/5339232004	2026-06-12	WebSearch — Greenhouse-GenAI	Senior Machine Learning Engineer - GenAI	PlayStation Global	added
https://job-boards.greenhouse.io/oura/jobs/4053067009	2026-06-13	WebSearch — Greenhouse-Python-Backend	Senior Backend Engineer (Python)	Oura	added
https://job-boards.greenhouse.io/smartasset/jobs/7934151002	2026-06-13	WebSearch — Greenhouse-GenAI	Senior LLM Engineer	SmartAsset	added
https://job-boards.greenhouse.io/remotepeople/jobs/4721961101	2026-06-13	WebSearch — Greenhouse-GenAI	Senior AI Engineer	Remote People	added
https://jobs.ashbyhq.com/assembledhq/81c159cf-ad96-46af-97a1-c08eb415dbfb	2026-06-13	WebSearch — Ashby-Frontend	Frontend Engineer	Assembled	added
https://jobs.ashbyhq.com/meshy/90988ed5-f767-4c0d-9cbc-b69d792db1a9	2026-06-13	WebSearch — Ashby-GenAI	Generative AI - ML System Engineering	Meshy	added
https://www.workatastartup.com/jobs/96189	2026-06-13	WebSearch — WorkAtStartup	Full Stack Engineer	erad	added
